<pkg-contents spec="1.12"><f n="CircuitMod.app" o="root" g="admin" p="16893" pt="/Users/federoggio/Documents/circuitmod-2.6/CircuitMod.app" m="true" t="file"><f n="Contents" o="root" g="admin" p="16893"><f n="Info.plist" o="root" g="admin" p="33204"><mod>mode</mod></f><f n="MacOS" o="root" g="admin" p="16893"><f n="JavaApplicationStub" o="root" g="admin" p="33277"><mod>mode</mod></f><mod>mode</mod></f><f n="PkgInfo" o="root" g="admin" p="33204"><mod>mode</mod></f><f n="Resources" o="root" g="admin" p="16893"><f n="circuitmod.icns" o="root" g="admin" p="33204"><mod>mode</mod></f><f n="Java" o="root" g="admin" p="16893"><f n="CAMBIOS.txt" o="root" g="admin" p="33204"><mod>mode</mod></f><f n="circuitmod.icns" o="root" g="admin" p="33204"><mod>mode</mod></f><f n="circuitmod.jar" o="root" g="admin" p="33204"><mod>mode</mod></f><f n="circuits" o="root" g="admin" p="16893"><f n="3-cgand.txt" o="root" g="admin" p="33204"><mod>mode</mod></f><f n="3-cgor.txt" o="root" g="admin" p="33204"><mod>mode</mod></f><f n="3-f211.txt" o="root" g="admin" p="33204"><mod>mode</mod></f><f n="3-f220.txt" o="root" g="admin" p="33204"><mod>mode</mod></f><f n="3-f221.txt" o="root" g="admin" p="33204"><mod>mode</mod></f><f n="3-invert.txt" o="root" g="admin" p="33204"><mod>mode</mod></f><f n="3way.txt" o="root" g="admin" p="33204"><mod>mode</mod></f><f n="4511-fulltest.txt" o="root" g="admin" p="33204"><mod>mode</mod></f><f n="4way.txt" o="root" g="admin" p="33204"><mod>mode</mod></f><f n="555int.txt" o="root" g="admin" p="33204"><mod>mode</mod></f><f n="555lowduty.txt" o="root" g="admin" p="33204"><mod>mode</mod></f><f n="555missing.txt" o="root" g="admin" p="33204"><mod>mode</mod></f><f n="555monostable.txt" o="root" g="admin" p="33204"><mod>mode</mod></f><f n="555pulsemod.txt" o="root" g="admin" p="33204"><mod>mode</mod></f><f n="555saw.txt" o="root" g="admin" p="33204"><mod>mode</mod></f><f n="555schmitt.txt" o="root" g="admin" p="33204"><mod>mode</mod></f><f n="555sequencer.txt" o="root" g="admin" p="33204"><mod>mode</mod></f><f n="555square.txt" o="root" g="admin" p="33204"><mod>mode</mod></f><f n="7segdecoder.txt" o="root" g="admin" p="33204"><mod>mode</mod></f><f n="allpass1.txt" o="root" g="admin" p="33204"><mod>mode</mod></f><f n="allpass2.txt" o="root" g="admin" p="33204"><mod>mode</mod></f><f n="amdetect.txt" o="root" g="admin" p="33204"><mod>mode</mod></f><f n="amp-dfdx.txt" o="root" g="admin" p="33204"><mod>mode</mod></f><f n="amp-diff.txt" o="root" g="admin" p="33204"><mod>mode</mod></f><f n="amp-follower.txt" o="root" g="admin" p="33204"><mod>mode</mod></f><f n="amp-fullrect.txt" o="root" g="admin" p="33204"><mod>mode</mod></f><f n="amp-integ.txt" o="root" g="admin" p="33204"><mod>mode</mod></f><f n="amp-invert.txt" o="root" g="admin" p="33204"><mod>mode</mod></f><f n="amp-noninvert.txt" o="root" g="admin" p="33204"><mod>mode</mod></f><f n="amp-rect.txt" o="root" g="admin" p="33204"><mod>mode</mod></f><f n="amp-schmitt.txt" o="root" g="admin" p="33204"><mod>mode</mod></f><f n="amp-sum.txt" o="root" g="admin" p="33204"><mod>mode</mod></f><f n="bandpass.txt" o="root" g="admin" p="33204"><mod>mode</mod></f><f n="besselbutter.txt" o="root" g="admin" p="33204"><mod>mode</mod></f><f n="blank.txt" o="root" g="admin" p="33204"><mod>mode</mod></f><f n="butter10lo.txt" o="root" g="admin" p="33204"><mod>mode</mod></f><f n="cap.txt" o="root" g="admin" p="33204"><mod>mode</mod></f><f n="capac.txt" o="root" g="admin" p="33204"><mod>mode</mod></f><f n="capmult.txt" o="root" g="admin" p="33204"><mod>mode</mod></f><f n="capmultcaps.txt" o="root" g="admin" p="33204"><mod>mode</mod></f><f n="capmultfreq.txt" o="root" g="admin" p="33204"><mod>mode</mod></f><f n="cappar.txt" o="root" g="admin" p="33204"><mod>mode</mod></f><f n="capseries.txt" o="root" g="admin" p="33204"><mod>mode</mod></f><f n="cc2.txt" o="root" g="admin" p="33204"><mod>mode</mod></f><f n="cc2imp.txt" o="root" g="admin" p="33204"><mod>mode</mod></f><f n="cc2impn.txt" o="root" g="admin" p="33204"><mod>mode</mod></f><f n="cc2n.txt" o="root" g="admin" p="33204"><mod>mode</mod></f><f n="ccdiff.txt" o="root" g="admin" p="33204"><mod>mode</mod></f><f n="cciamp.txt" o="root" g="admin" p="33204"><mod>mode</mod></f><f n="ccinductor.txt" o="root" g="admin" p="33204"><mod>mode</mod></f><f n="ccint.txt" o="root" g="admin" p="33204"><mod>mode</mod></f><f n="ccitov.txt" o="root" g="admin" p="33204"><mod>mode</mod></f><f n="ccvccs.txt" o="root" g="admin" p="33204"><mod>mode</mod></f><f n="ceamp.txt" o="root" g="admin" p="33204"><mod>mode</mod></f><f n="classd.txt" o="root" g="admin" p="33204"><mod>mode</mod></f><f n="clockedsrff.txt" o="root" g="admin" p="33204"><mod>mode</mod></f><f n="cmosff.txt" o="root" g="admin" p="33204"><mod>mode</mod></f><f n="cmosinverter.txt" o="root" g="admin" p="33204"><mod>mode</mod></f><f n="cmosinvertercap.txt" o="root" g="admin" p="33204"><mod>mode</mod></f><f n="cmosinverterslow.txt" o="root" g="admin" p="33204"><mod>mode</mod></f><f n="cmosmsff.txt" o="root" g="admin" p="33204"><mod>mode</mod></f><f n="cmosnand.txt" o="root" g="admin" p="33204"><mod>mode</mod></f><f n="cmosnor.txt" o="root" g="admin" p="33204"><mod>mode</mod></f><f n="cmostransgate.txt" o="root" g="admin" p="33204"><mod>mode</mod></f><f n="cmosxor.txt" o="root" g="admin" p="33204"><mod>mode</mod></f><f n="colpitts.txt" o="root" g="admin" p="33204"><mod>mode</mod></f><f n="counter.txt" o="root" g="admin" p="33204"><mod>mode</mod></f><f n="counter8.txt" o="root" g="admin" p="33204"><mod>mode</mod></f><f n="coupled1.txt" o="root" g="admin" p="33204"><mod>mode</mod></f><f n="coupled2.txt" o="root" g="admin" p="33204"><mod>mode</mod></f><f n="coupled3.txt" o="root" g="admin" p="33204"><mod>mode</mod></f><f n="crossover.txt" o="root" g="admin" p="33204"><mod>mode</mod></f><f n="cube.txt" o="root" g="admin" p="33204"><mod>mode</mod></f><f n="currentsrc.txt" o="root" g="admin" p="33204"><mod>mode</mod></f><f n="currentsrcelm.txt" o="root" g="admin" p="33204"><mod>mode</mod></f><f n="currentsrcramp.txt" o="root" g="admin" p="33204"><mod>mode</mod></f><f n="dac.txt" o="root" g="admin" p="33204"><mod>mode</mod></f><f n="darlington.txt" o="root" g="admin" p="33204"><mod>mode</mod></f><f n="dcrestoration.txt" o="root" g="admin" p="33204"><mod>mode</mod></f><f n="deccounter.txt" o="root" g="admin" p="33204"><mod>mode</mod></f><f n="decoder.txt" o="root" g="admin" p="33204"><mod>mode</mod></f><f n="delayrc.txt" o="root" g="admin" p="33204"><mod>mode</mod></f><f n="deltasigma.txt" o="root" g="admin" p="33204"><mod>mode</mod></f><f n="diff.txt" o="root" g="admin" p="33204"><mod>mode</mod></f><f n="digcompare.txt" o="root" g="admin" p="33204"><mod>mode</mod></f><f n="digsine.txt" o="root" g="admin" p="33204"><mod>mode</mod></f><f n="diodeclip.txt" o="root" g="admin" p="33204"><mod>mode</mod></f><f n="diodecurve.txt" o="root" g="admin" p="33204"><mod>mode</mod></f><f n="diodelimit.txt" o="root" g="admin" p="33204"><mod>mode</mod></f><f n="diodevar.txt" o="root" g="admin" p="33204"><mod>mode</mod></f><f n="divideby2.txt" o="root" g="admin" p="33204"><mod>mode</mod></f><f n="divideby3.txt" o="root" g="admin" p="33204"><mod>mode</mod></f><f n="divideby4.txt" o="root" g="admin" p="33204"><mod>mode</mod></f><f n="dram.txt" o="root" g="admin" p="33204"><mod>mode</mod></f><f n="dtlinverter.txt" o="root" g="admin" p="33204"><mod>mode</mod></f><f n="dtlnand.txt" o="root" g="admin" p="33204"><mod>mode</mod></f><f n="dtlnor.txt" o="root" g="admin" p="33204"><mod>mode</mod></f><f n="eclnor.txt" o="root" g="admin" p="33204"><mod>mode</mod></f><f n="eclosc.txt" o="root" g="admin" p="33204"><mod>mode</mod></f><f n="edgedff.txt" o="root" g="admin" p="33204"><mod>mode</mod></f><f n="filt-hipass-l.txt" o="root" g="admin" p="33204"><mod>mode</mod></f><f n="filt-hipass.txt" o="root" g="admin" p="33204"><mod>mode</mod></f><f n="filt-lopass-l.txt" o="root" g="admin" p="33204"><mod>mode</mod></f><f n="filt-lopass.txt" o="root" g="admin" p="33204"><mod>mode</mod></f><f n="filt-vcvs-hipass.txt" o="root" g="admin" p="33204"><mod>mode</mod></f><f n="filt-vcvs-lopass.txt" o="root" g="admin" p="33204"><mod>mode</mod></f><f n="flashadc.txt" o="root" g="admin" p="33204"><mod>mode</mod></f><f n="follower.txt" o="root" g="admin" p="33204"><mod>mode</mod></f><f n="freqdouble.txt" o="root" g="admin" p="33204"><mod>mode</mod></f><f n="fulladd.txt" o="root" g="admin" p="33204"><mod>mode</mod></f><f n="fullrect.txt" o="root" g="admin" p="33204"><mod>mode</mod></f><f n="fullrectf.txt" o="root" g="admin" p="33204"><mod>mode</mod></f><f n="graycode.txt" o="root" g="admin" p="33204"><mod>mode</mod></f><f n="grid.txt" o="root" g="admin" p="33204"><mod>mode</mod></f><f n="grid2.txt" o="root" g="admin" p="33204"><mod>mode</mod></f><f n="gyrator.txt" o="root" g="admin" p="33204"><mod>mode</mod></f><f n="halfadd.txt" o="root" g="admin" p="33204"><mod>mode</mod></f><f n="hartley.txt" o="root" g="admin" p="33204"><mod>mode</mod></f><f n="hfadc.txt" o="root" g="admin" p="33204"><mod>mode</mod></f><f n="howland.txt" o="root" g="admin" p="33204"><mod>mode</mod></f><f n="impedance.txt" o="root" g="admin" p="33204"><mod>mode</mod></f><f n="indmultfreq.txt" o="root" g="admin" p="33204"><mod>mode</mod></f><f n="indmultind.txt" o="root" g="admin" p="33204"><mod>mode</mod></f><f n="indpar.txt" o="root" g="admin" p="33204"><mod>mode</mod></f><f n="indseries.txt" o="root" g="admin" p="33204"><mod>mode</mod></f><f n="induct.txt" o="root" g="admin" p="33204"><mod>mode</mod></f><f n="inductac.txt" o="root" g="admin" p="33204"><mod>mode</mod></f><f n="inductkick-block.txt" o="root" g="admin" p="33204"><mod>mode</mod></f><f n="inductkick-snub.txt" o="root" g="admin" p="33204"><mod>mode</mod></f><f n="inductkick.txt" o="root" g="admin" p="33204"><mod>mode</mod></f><f n="inv-osc.txt" o="root" g="admin" p="33204"><mod>mode</mod></f><f n="invertamp.txt" o="root" g="admin" p="33204"><mod>mode</mod></f><f n="itov.txt" o="root" g="admin" p="33204"><mod>mode</mod></f><f n="jfetamp.txt" o="root" g="admin" p="33204"><mod>mode</mod></f><f n="jfetcurrentsrc.txt" o="root" g="admin" p="33204"><mod>mode</mod></f><f n="jfetfollower-nooff.txt" o="root" g="admin" p="33204"><mod>mode</mod></f><f n="jfetfollower.txt" o="root" g="admin" p="33204"><mod>mode</mod></f><f n="jkff.txt" o="root" g="admin" p="33204"><mod>mode</mod></f><f n="johnsonctr.txt" o="root" g="admin" p="33204"><mod>mode</mod></f><f n="ladder.txt" o="root" g="admin" p="33204"><mod>mode</mod></f><f n="leadingedge.txt" o="root" g="admin" p="33204"><mod>mode</mod></f><f n="ledflasher.txt" o="root" g="admin" p="33204"><mod>mode</mod></f><f n="lissa.txt" o="root" g="admin" p="33204"><mod>mode</mod></f><f n="logconvert.txt" o="root" g="admin" p="33204"><mod>mode</mod></f><f n="longdist.txt" o="root" g="admin" p="33204"><mod>mode</mod></f><f n="lrc-critical.txt" o="root" g="admin" p="33204"><mod>mode</mod></f><f n="lrc.txt" o="root" g="admin" p="33204"><mod>mode</mod></f><f n="majority.txt" o="root" g="admin" p="33204"><mod>mode</mod></f><f n="masterslaveff.txt" o="root" g="admin" p="33204"><mod>mode</mod></f><f n="mirror.txt" o="root" g="admin" p="33204"><mod>mode</mod></f><f n="moscurrentramp.txt" o="root" g="admin" p="33204"><mod>mode</mod></f><f n="moscurrentsrc.txt" o="root" g="admin" p="33204"><mod>mode</mod></f><f n="mosfetamp.txt" o="root" g="admin" p="33204"><mod>mode</mod></f><f n="mosfollower.txt" o="root" g="admin" p="33204"><mod>mode</mod></f><f n="mosmirror.txt" o="root" g="admin" p="33204"><mod>mode</mod></f><f n="mosswitch.txt" o="root" g="admin" p="33204"><mod>mode</mod></f><f n="mr-crossbar.txt" o="root" g="admin" p="33204"><mod>mode</mod></f><f n="mr-sine.txt" o="root" g="admin" p="33204"><mod>mode</mod></f><f n="mr-sine2.txt" o="root" g="admin" p="33204"><mod>mode</mod></f><f n="mr-sine3.txt" o="root" g="admin" p="33204"><mod>mode</mod></f><f n="mr-square.txt" o="root" g="admin" p="33204"><mod>mode</mod></f><f n="mr-triangle.txt" o="root" g="admin" p="33204"><mod>mode</mod></f><f n="mr.txt" o="root" g="admin" p="33204"><mod>mode</mod></f><f n="multivib-a.txt" o="root" g="admin" p="33204"><mod>mode</mod></f><f n="multivib-bi.txt" o="root" g="admin" p="33204"><mod>mode</mod></f><f n="multivib-mono.txt" o="root" g="admin" p="33204"><mod>mode</mod></f><f n="mux.txt" o="root" g="admin" p="33204"><mod>mode</mod></f><f n="mux3state.txt" o="root" g="admin" p="33204"><mod>mode</mod></f><f n="nandff.txt" o="root" g="admin" p="33204"><mod>mode</mod></f><f n="nic-r.txt" o="root" g="admin" p="33204"><mod>mode</mod></f><f n="nmosfet.txt" o="root" g="admin" p="33204"><mod>mode</mod></f><f n="nmosinverter.txt" o="root" g="admin" p="33204"><mod>mode</mod></f><f n="nmosinverter2.txt" o="root" g="admin" p="33204"><mod>mode</mod></f><f n="nmosnand.txt" o="root" g="admin" p="33204"><mod>mode</mod></f><f n="norton.txt" o="root" g="admin" p="33204"><mod>mode</mod></f><f n="notch.txt" o="root" g="admin" p="33204"><mod>mode</mod></f><f n="npn.txt" o="root" g="admin" p="33204"><mod>mode</mod></f><f n="ohms.txt" o="root" g="admin" p="33204"><mod>mode</mod></f><f n="opamp-regulator.txt" o="root" g="admin" p="33204"><mod>mode</mod></f><f n="opamp.txt" o="root" g="admin" p="33204"><mod>mode</mod></f><f n="opampfeedback.txt" o="root" g="admin" p="33204"><mod>mode</mod></f><f n="opint-current.txt" o="root" g="admin" p="33204"><mod>mode</mod></f><f n="opint-invert-amp.txt" o="root" g="admin" p="33204"><mod>mode</mod></f><f n="opint-slew.txt" o="root" g="admin" p="33204"><mod>mode</mod></f><f n="opint.txt" o="root" g="admin" p="33204"><mod>mode</mod></f><f n="osc-st.txt" o="root" g="admin" p="33204"><mod>mode</mod></f><f n="peak-detect.txt" o="root" g="admin" p="33204"><mod>mode</mod></f><f n="phasecomp.txt" o="root" g="admin" p="33204"><mod>mode</mod></f><f n="phasecompint.txt" o="root" g="admin" p="33204"><mod>mode</mod></f><f n="phaseseq.txt" o="root" g="admin" p="33204"><mod>mode</mod></f><f n="phaseshiftosc.txt" o="root" g="admin" p="33204"><mod>mode</mod></f><f n="phasesplit.txt" o="root" g="admin" p="33204"><mod>mode</mod></f><f n="pll.txt" o="root" g="admin" p="33204"><mod>mode</mod></f><f n="pll2.txt" o="root" g="admin" p="33204"><mod>mode</mod></f><f n="pll2a.txt" o="root" g="admin" p="33204"><mod>mode</mod></f><f n="pmosfet.txt" o="root" g="admin" p="33204"><mod>mode</mod></f><f n="pnp.txt" o="root" g="admin" p="33204"><mod>mode</mod></f><f n="pot.txt" o="root" g="admin" p="33204"><mod>mode</mod></f><f n="potdivide.txt" o="root" g="admin" p="33204"><mod>mode</mod></f><f n="powerfactor1.txt" o="root" g="admin" p="33204"><mod>mode</mod></f><f n="powerfactor2.txt" o="root" g="admin" p="33204"><mod>mode</mod></f><f n="pushpull.txt" o="root" g="admin" p="33204"><mod>mode</mod></f><f n="pushpullxover.txt" o="root" g="admin" p="33204"><mod>mode</mod></f><f n="r2rladder.txt" o="root" g="admin" p="33204"><mod>mode</mod></f><f n="rectify.txt" o="root" g="admin" p="33204"><mod>mode</mod></f><f n="relaxosc.txt" o="root" g="admin" p="33204"><mod>mode</mod></f><f n="relay.txt" o="root" g="admin" p="33204"><mod>mode</mod></f><f n="relayand.txt" o="root" g="admin" p="33204"><mod>mode</mod></f><f n="relayctr.txt" o="root" g="admin" p="33204"><mod>mode</mod></f><f n="relayff.txt" o="root" g="admin" p="33204"><mod>mode</mod></f><f n="relaymux.txt" o="root" g="admin" p="33204"><mod>mode</mod></f><f n="relayor.txt" o="root" g="admin" p="33204"><mod>mode</mod></f><f n="relaytff.txt" o="root" g="admin" p="33204"><mod>mode</mod></f><f n="relayxor.txt" o="root" g="admin" p="33204"><mod>mode</mod></f><f n="res-par.txt" o="root" g="admin" p="33204"><mod>mode</mod></f><f n="res-series.txt" o="root" g="admin" p="33204"><mod>mode</mod></f><f n="resistors.txt" o="root" g="admin" p="33204"><mod>mode</mod></f><f n="ringing.txt" o="root" g="admin" p="33204"><mod>mode</mod></f><f n="ringmod.txt" o="root" g="admin" p="33204"><mod>mode</mod></f><f n="rossler.txt" o="root" g="admin" p="33204"><mod>mode</mod></f><f n="rtlinverter.txt" o="root" g="admin" p="33204"><mod>mode</mod></f><f n="rtlnand.txt" o="root" g="admin" p="33204"><mod>mode</mod></f><f n="rtlnor.txt" o="root" g="admin" p="33204"><mod>mode</mod></f><f n="samplenhold.txt" o="root" g="admin" p="33204"><mod>mode</mod></f><f n="sawtooth.txt" o="root" g="admin" p="33204"><mod>mode</mod></f><f n="schmitt.txt" o="root" g="admin" p="33204"><mod>mode</mod></f><f n="scr.txt" o="root" g="admin" p="33204"><mod>mode</mod></f><f n="scractrig.txt" o="root" g="admin" p="33204"><mod>mode</mod></f><f n="sine.txt" o="root" g="admin" p="33204"><mod>mode</mod></f><f n="sinediode.txt" o="root" g="admin" p="33204"><mod>mode</mod></f><f n="spark-marx.txt" o="root" g="admin" p="33204"><mod>mode</mod></f><f n="spark-sawtooth.txt" o="root" g="admin" p="33204"><mod>mode</mod></f><f n="spikegen.txt" o="root" g="admin" p="33204"><mod>mode</mod></f><f n="switchedcap.txt" o="root" g="admin" p="33204"><mod>mode</mod></f><f n="switchfilter.txt" o="root" g="admin" p="33204"><mod>mode</mod></f><f n="swtreedac.txt" o="root" g="admin" p="33204"><mod>mode</mod></f><f n="synccounter.txt" o="root" g="admin" p="33204"><mod>mode</mod></f><f n="tdiode.txt" o="root" g="admin" p="33204"><mod>mode</mod></f><f n="tdosc.txt" o="root" g="admin" p="33204"><mod>mode</mod></f><f n="tdrelax.txt" o="root" g="admin" p="33204"><mod>mode</mod></f><f n="tesla.txt" o="root" g="admin" p="33204"><mod>mode</mod></f><f n="thevenin.txt" o="root" g="admin" p="33204"><mod>mode</mod></f><f n="tl.txt" o="root" g="admin" p="33204"><mod>mode</mod></f><f n="tlfreq.txt" o="root" g="admin" p="33204"><mod>mode</mod></f><f n="tllight.txt" o="root" g="admin" p="33204"><mod>mode</mod></f><f n="tllopass.txt" o="root" g="admin" p="33204"><mod>mode</mod></f><f n="tlmatch1.txt" o="root" g="admin" p="33204"><mod>mode</mod></f><f n="tlmatch2.txt" o="root" g="admin" p="33204"><mod>mode</mod></f><f n="tlmis1.txt" o="root" g="admin" p="33204"><mod>mode</mod></f><f n="tlmismatch.txt" o="root" g="admin" p="33204"><mod>mode</mod></f><f n="tlstand.txt" o="root" g="admin" p="33204"><mod>mode</mod></f><f n="tlterm.txt" o="root" g="admin" p="33204"><mod>mode</mod></f><f n="traffic.txt" o="root" g="admin" p="33204"><mod>mode</mod></f><f n="trans-diffamp-common.txt" o="root" g="admin" p="33204"><mod>mode</mod></f><f n="trans-diffamp-cursrc.txt" o="root" g="admin" p="33204"><mod>mode</mod></f><f n="trans-diffamp.txt" o="root" g="admin" p="33204"><mod>mode</mod></f><f n="transformer.txt" o="root" g="admin" p="33204"><mod>mode</mod></f><f n="transformerdc.txt" o="root" g="admin" p="33204"><mod>mode</mod></f><f n="transformerdown.txt" o="root" g="admin" p="33204"><mod>mode</mod></f><f n="transformerup.txt" o="root" g="admin" p="33204"><mod>mode</mod></f><f n="transistor-and.txt" o="root" g="admin" p="33204"><mod>mode</mod></f><f n="transistor-not.txt" o="root" g="admin" p="33204"><mod>mode</mod></f><f n="transistor-or.txt" o="root" g="admin" p="33204"><mod>mode</mod></f><f n="transswitch.txt" o="root" g="admin" p="33204"><mod>mode</mod></f><f n="triangle.txt" o="root" g="admin" p="33204"><mod>mode</mod></f><f n="triode.txt" o="root" g="admin" p="33204"><mod>mode</mod></f><f n="triodeamp.txt" o="root" g="admin" p="33204"><mod>mode</mod></f><f n="ttlinverter.txt" o="root" g="admin" p="33204"><mod>mode</mod></f><f n="ttlnand.txt" o="root" g="admin" p="33204"><mod>mode</mod></f><f n="ttlnor.txt" o="root" g="admin" p="33204"><mod>mode</mod></f><f n="twint.txt" o="root" g="admin" p="33204"><mod>mode</mod></f><f n="vco.txt" o="root" g="admin" p="33204"><mod>mode</mod></f><f n="voltdivide.txt" o="root" g="admin" p="33204"><mod>mode</mod></f><f n="voltdouble.txt" o="root" g="admin" p="33204"><mod>mode</mod></f><f n="voltdouble2.txt" o="root" g="admin" p="33204"><mod>mode</mod></f><f n="voltinvert.txt" o="root" g="admin" p="33204"><mod>mode</mod></f><f n="voltquad.txt" o="root" g="admin" p="33204"><mod>mode</mod></f><f n="volttriple.txt" o="root" g="admin" p="33204"><mod>mode</mod></f><f n="volume.txt" o="root" g="admin" p="33204"><mod>mode</mod></f><f n="wheatstone.txt" o="root" g="admin" p="33204"><mod>mode</mod></f><f n="xor.txt" o="root" g="admin" p="33204"><mod>mode</mod></f><f n="xorphasedet.txt" o="root" g="admin" p="33204"><mod>mode</mod></f><f n="zeneriv.txt" o="root" g="admin" p="33204"><mod>mode</mod></f><f n="zenerref.txt" o="root" g="admin" p="33204"><mod>mode</mod></f><f n="zenerreffollow.txt" o="root" g="admin" p="33204"><mod>mode</mod></f><mod>mode</mod></f><f n="gpl3unix.txt" o="root" g="admin" p="33204"><mod>mode</mod></f><f n="setuplist.txt" o="root" g="admin" p="33204"><mod>mode</mod></f><mod>mode</mod></f><mod>mode</mod></f><mod>mode</mod></f><mod>mode</mod></f></pkg-contents>