<pkgref spec="1.12" uuid="5EEFE842-8087-4903-89F3-4D44CDEC45F8"><config><identifier>com.circuitmod</identifier><version>2.6</version><description></description><post-install type="none"/><requireAuthorization/><installFrom includeRoot="true">/Users/federoggio/Documents/circuitmod-2.6/CircuitMod.app</installFrom><installTo relocatable="true">/Applications</installTo><flags><mod>followSymbolicLinks</mod></flags><packageStore type="internal"></packageStore><mod>version</mod><mod>parent</mod><mod>includeRoot</mod><mod>identifier</mod><mod>installTo</mod></config><contents><file-list>01circuitmod-contents.xml</file-list><filter>/CVS$</filter><filter>/\.svn$</filter><filter>/\.cvsignore$</filter><filter>/\.cvspass$</filter><filter>/\.DS_Store$</filter></contents></pkgref>