<pkmkdoc spec="1.12"><properties><title>CircuitMod v2.6</title><build>/Users/federoggio/Documents/circuitmod-2.6/installer.pkg</build><organization>com.circuitmod</organization><userSees ui="easy"/><min-target os="3"/><domain anywhere="true"/></properties><distribution><versions min-spec="1.000000"/><scripts></scripts></distribution><contents><choice title="CircuitMod" id="choice0" starts_selected="true" starts_enabled="true" starts_hidden="false"><pkgref id="com.circuitmod"/></choice></contents><resources bg-scale="none" bg-align="bottomleft"><locale lang="en"><resource mod="true" type="background">/Users/federoggio/Documents/circuitmod-2.6/circuitmod.icns</resource></locale></resources><flags/><item type="file">01circuitmod.xml</item><mod>properties.title</mod></pkmkdoc>